"DATE","TIME","OBS_GUST","OBS_WSPD","OBS_WDIR","OBS_PSFC","HWRFLES_GUST","HWRFLES_WSPD","HWRFLES_WDIR","HWRFLES_PSFC","DFLES_GUST","DFLES_WSPD","DFLES_WDIR","DFLES_PSFC"
20140808.000000,0,6.1,4.9,43,1015.2,0,4.39543,54.7118,1015.62,0,4.39543,54.7118,1015.59
20140808.000000,6,6,4.9,44,1015.1,5.10691,4.00607,53.3853,1014.08,5.50131,4.27441,53.7887,1014.01
20140808.000000,12,5.6,3.8,48,1015.1,6.60351,3.56693,21.7827,1028.17,7.05083,3.54543,5.86034,1029.93
20140808.000000,18,6.3,5,50,1015,5.30327,4.97394,47.2781,1010.53,5.51292,4.9622,41.7129,1008.98
20140808.000000,24,5.2,4.4,46,1015,5.0728,4.61051,44.3452,1014.26,5.1074,4.10234,36.7672,1014.42
20140808.000000,30,5.5,4.1,49,1014.9,5.6915,4.88784,56.4015,1016.24,5.92499,4.47516,61.475,1014.41
20140808.000000,36,6,4.8,38,1014.9,5.4313,4.82639,50.815,1016.76,5.4856,4.17541,51.3232,1017.48
20140808.000000,42,6.2,5.3,45,1014.9,5.12751,4.50672,45.7724,1012.95,4.75414,3.87689,49.6525,1012.74
20140808.000000,48,5.4,4.2,46,1014.9,4.88675,4.35363,48.6502,1016.75,4.94428,4.12911,45.8744,1015.13
20140808.000000,54,5.6,4.1,43,1014.8,4.36913,3.84326,38.5537,1016.73,4.15682,3.21803,27.3293,1015.83
20140808.000000,100,4.7,3.7,35,1014.7,3.96352,3.26012,38.2005,1014.24,3.47492,3.29477,33.9796,1016.97
20140808.000000,106,4.8,3.2,41,1014.8,3.44063,3.40942,41.4117,1015.63,3.28405,3.04251,25.2758,1016.63
20140808.000000,112,4.5,3.7,46,1014.8,3.62254,2.67834,26.8153,1015.49,3.65828,3.49158,21.8442,1016.53
20140808.000000,118,5.1,3.9,45,1014.8,3.07394,2.97837,37.0595,1014.7,3.76808,2.84082,33.7931,1015.97
20140808.000000,124,5.2,4.1,47,1014.7,3.37148,2.94203,35.0517,1016.73,3.48418,3.04372,31.092,1016.2
20140808.000000,130,6.6,5,42,1014.7,3.0959,3.00708,28.4481,1015.65,3.04624,1.31617,36.3405,1016.03
20140808.000000,136,6.1,5.2,47,1014.6,3.19292,2.53111,18.3651,1015.71,3.1193,2.23311,18.3449,1015.28
20140808.000000,142,6.2,4.6,48,1014.6,2.53755,2.40101,25.749,1015.72,2.34249,2.32591,358.046,1015.3
20140808.000000,148,6.1,5,44,1014.5,2.52264,2.48768,4.69135,1015.54,2.60344,2.47863,4.64006,1015.66
20140808.000000,154,6.5,4.8,39,1014.5,2.52693,2.087,357.888,1016.07,2.49009,2.21479,18.2343,1016.83
20140808.000000,200,6.1,4.5,47,1014.5,2.28383,2.28379,4.2325,1017.52,2.32205,2.32205,358.508,1014.97
20140808.000000,206,6.7,5,46,1014.5,2.58248,2.57443,348.148,1013.91,2.64186,2.64186,351.704,1015.61
20140808.000000,212,6.1,4.5,46,1014.5,2.72328,2.44213,340.688,1015.88,2.91289,2.05409,346.889,1015.6
20140808.000000,218,6.3,5.5,44,1014.5,2.46985,1.88856,322.31,1015.97,2.43536,2.41004,341.991,1015.77
20140808.000000,224,6.5,4.9,45,1014.5,2.04565,1.92046,331.819,1015.35,2.44012,1.67989,345.509,1016.51
20140808.000000,230,5.8,3.8,49,1014.5,1.95268,1.79351,331.638,1016.86,2.89445,2.8594,7.36011,1014.86
20140808.000000,236,5.3,4.3,47,1014.5,2.63958,2.63612,17.0621,1014.84,2.90312,2.82359,8.69472,1016.24
20140808.000000,242,5,3.8,35,1014.5,2.78435,2.14959,9.23248,1016.51,2.84099,2.47686,19.7406,1015.21
20140808.000000,248,4.8,3.6,38,1014.5,3.03762,3.02059,21.597,1015.77,2.88317,2.72394,14.6974,1015.88
20140808.000000,254,4.9,3.4,45,1014.5,3.2643,3.25239,15.9032,1016.26,2.73298,2.34176,3.35522,1015.65
20140808.000000,300,4.8,2.9,45,1014.6,3.45011,2.92088,10.7408,1015.57,2.55931,2.47033,19.7379,1016.02
20140808.000000,306,6.1,3.7,50,1014.7,2.93933,2.91213,26.8241,1017.27,2.47605,2.31461,23.3035,1015.99
20140808.000000,312,5.9,3.4,50,1014.7,3.01025,2.12882,25.3822,1016.41,3.59142,3.16938,27.4342,1015.58
20140808.000000,318,4.8,3.9,46,1014.7,2.42145,2.37477,19.7805,1017.03,3.17329,2.88408,29.1071,1016.6
20140808.000000,324,6.1,3.6,49,1014.7,2.49301,2.32076,16.6874,1017.83,2.886,2.51492,26.9563,1016.32
20140808.000000,330,4.9,2.9,43,1014.8,2.54423,2.45326,24.2434,1015.48,2.52954,2.51191,16.6515,1017.23
20140808.000000,336,5.6,3.6,56,1014.8,2.46243,1.80191,13.6821,1016,2.51303,1.89227,33.0546,1016.97
20140808.000000,342,5,2.4,59,1014.8,1.80928,1.79453,12.7863,1017.07,1.92386,1.43308,11.9722,1016.15
20140808.000000,348,5,3.2,43,1014.8,1.92688,1.89693,10.3364,1017.28,2.23266,2.22209,7.08157,1016.66
20140808.000000,354,4.3,2.7,44,1014.9,1.9207,1.88577,354.545,1016.79,2.23537,2.2158,5.85333,1016.28
20140808.000000,400,3.9,2.6,59,1015,1.89874,1.85318,17.9386,1017.57,2.28586,1.7342,29.9507,1015.69
20140808.000000,406,3.9,2.8,45,1015.1,2.10338,1.89771,28.0585,1017.73,1.81894,1.78219,31.9844,1016.32
20140808.000000,412,3.9,2.3,51,1015.1,1.91697,1.84179,39.6221,1015.65,1.82642,1.82642,28.5147,1016.78
20140808.000000,418,5.1,2.1,55,1015.1,2.2338,2.2058,36.4131,1017.96,2.58868,2.40871,23.0961,1016.17
20140808.000000,424,3.4,2.2,39,1015.2,2.20448,1.9774,12.9505,1015.58,2.40642,1.51491,24.8247,1016.4
20140808.000000,430,4.3,2.4,74,1015.3,2.03855,1.77784,3.71333,1015.49,1.5189,1.30372,6.72574,1017.52
20140808.000000,436,3,1.9,53,1015.3,1.80383,1.76279,5.14926,1017.29,2.46477,2.26603,8.99519,1016.02
20140808.000000,442,5,3.1,48,1015.3,1.78903,1.69958,3.11197,1017.16,2.26419,1.01944,10.6057,1015.97
20140808.000000,448,5,3.6,43,1015.3,1.71257,1.62592,24.6868,1017.74,2.29171,2.28018,0.208481,1016.61
20140808.000000,454,4.2,1.9,62,1015.4,2.27969,2.25278,6.86797,1014.33,2.3939,1.88978,1.06813,1016.81
20140808.000000,500,3.1,1.6,65,1015.4,2.29624,1.75088,346.442,1017.24,2.16013,2.16013,358.306,1017.13
20140808.000000,506,3.8,2.2,49,1015.5,1.85026,1.81878,316.211,1018.14,2.23066,1.94247,21.0815,1015.73
20140808.000000,512,3.3,2,41,1015.6,2.71325,2.66222,308.699,1015.86,2.09985,2.09985,335.001,1016.64
20140808.000000,518,3.3,1.3,67,1015.6,2.69068,2.65411,296.101,1017.17,2.88032,2.87928,305.299,1015.74
20140808.000000,524,2.7,1,59,1015.7,2.66978,2.64845,308.763,1015.92,3.16725,3.16725,294.625,1016.1
20140808.000000,530,2.9,1.5,57,1015.7,2.87739,2.8636,311.656,1015.92,3.24939,3.15414,299.039,1017.26
20140808.000000,536,2.1,1.2,66,1015.8,3.00519,2.98296,296.729,1017.05,3.17381,3.13853,299.258,1016.22
20140808.000000,542,2.2,1.4,77,1015.8,3.03782,3.02273,291.347,1016.4,3.31313,3.30153,294.693,1015.79
20140808.000000,548,2.6,1.5,87,1015.8,3.17759,3.16968,290.986,1014.88,3.3951,3.34059,295.264,1016.55
20140808.000000,554,2.9,1.8,59,1015.9,3.17524,3.02921,295.779,1017.13,3.34853,3.29475,296.405,1016.13
20140808.000000,600,2.6,1.3,65,1016,3.25827,3.25041,296.678,1015.72,3.67985,3.64443,288.904,1016.18
20140808.000000,606,2.7,1.1,71,1015.9,3.28384,3.14076,298.327,1016.06,3.64069,3.49581,295.576,1015.89
20140808.000000,612,2,1.2,81,1016,3.15164,2.99859,316.091,1015.91,3.52929,3.51694,302.607,1015.95
20140808.000000,618,2.3,1.8,37,1016.1,3.0318,2.99512,315.236,1016.81,3.52067,3.42432,302.71,1015.92
20140808.000000,624,2.7,1.4,61,1016.1,2.99994,2.81805,296.918,1016.06,3.52485,3.52477,298.99,1015.72
20140808.000000,630,1.7,0.6,43,1016.1,3.02138,3.02131,297.585,1016.93,3.55872,3.44941,298.436,1016.62
20140808.000000,636,2.4,1.2,62,1016.2,3.06577,2.98991,297.362,1015.75,3.44335,3.32157,300.793,1016.76
20140808.000000,642,3.7,3,46,1016.2,3.03816,3.0177,299.353,1016.41,3.33192,3.17706,302.707,1015.39
20140808.000000,648,3.4,1.8,43,1016.2,3.08579,3.04591,302.815,1016.95,3.18508,3.10335,305.421,1016.39
20140808.000000,654,2.8,1.8,48,1016.2,3.05504,2.78017,309.065,1015.83,3.20515,3.19994,308.614,1015.94
20140808.000000,700,3.5,2.8,42,1016.3,2.97892,2.97892,310.394,1016.29,3.33715,3.31751,307.392,1016.04
20140808.000000,706,4.2,3.1,44,1016.3,3.00363,2.95224,309.637,1016.44,3.32326,3.31171,307.375,1016
20140808.000000,712,3.7,3.1,39,1016.4,2.95467,2.94072,309.863,1015.29,3.31324,3.15561,307.889,1016.15
20140808.000000,718,3.6,3.1,49,1016.5,3.14114,3.14114,309.623,1016.35,3.1821,3.17623,300.809,1016.22
20140808.000000,724,3.7,2.7,42,1016.6,3.1715,3.13556,309.089,1016.39,3.26737,3.25037,300.237,1016.11
20140808.000000,730,4,3.2,34,1016.6,3.20376,3.16721,306.384,1017.18,3.35333,3.35333,300.868,1015.97
20140808.000000,736,4.3,3.2,32,1016.7,3.25802,3.24165,298.21,1016.69,3.4544,3.4544,297.836,1016.77
20140808.000000,742,4.1,3.1,29,1016.7,3.28244,3.13457,297.645,1016.84,3.57867,3.57042,294.776,1016.68
20140808.000000,748,5,3.5,29,1016.8,3.2654,3.23879,296.17,1017.82,3.58151,3.54878,293.972,1017.93
20140808.000000,754,4.3,3.3,29,1016.8,3.30285,3.2255,301.169,1017.46,3.68928,3.6873,295.157,1016.8
20140808.000000,800,3.6,2.8,23,1016.8,3.42621,3.40988,296.421,1017.83,3.75949,3.74548,295.055,1016.4
20140808.000000,806,2.8,2.5,31,1016.8,3.57857,3.56622,294.516,1017.05,3.78575,3.72975,291.057,1017.35
20140808.000000,812,3.3,2.7,29,1016.9,3.56743,3.42457,292.921,1018.05,3.75002,3.7258,290.662,1016.75
20140808.000000,818,3.8,3.3,33,1016.9,3.6236,3.62153,284.479,1017.67,3.80653,3.78443,292.084,1017.07
20140808.000000,824,3.7,3,24,1016.8,3.75861,3.63013,285.861,1017.78,3.78782,3.65176,287.651,1017.18
20140808.000000,830,4.4,3.6,359,1016.8,3.63452,3.35173,295.422,1016.2,3.89804,3.8727,286.751,1017
20140808.000000,836,4.1,3,306,1016.8,3.62708,3.59514,292.469,1016.2,3.88108,3.78789,286.674,1016.78
20140808.000000,842,4.3,4,305,1016.7,3.72263,3.61172,291.345,1016.52,3.94582,3.92715,290.16,1017.09
20140808.000000,848,4.6,3.6,301,1016.7,3.61195,3.56448,295.58,1016.52,3.93204,3.66067,293.145,1017.84
20140808.000000,854,4.5,3.2,307,1016.8,3.68039,3.66084,293.268,1017.57,3.70423,3.6963,294.392,1016.41
20140808.000000,900,6.7,3.3,85,1017,3.67018,3.52554,298.513,1016.83,3.77078,3.75095,293.882,1016.1
20140808.000000,906,4.4,2.6,91,1017,3.53045,3.20777,296.869,1016.12,3.75543,3.57167,295.265,1016.91
20140808.000000,912,3.2,2.5,115,1016.9,3.29601,3.27359,307.464,1016.2,3.56881,3.3896,302.851,1015.52
20140808.000000,918,3.4,2.5,108,1016.9,3.28792,3.14658,304.522,1015.79,3.40493,3.2365,303.722,1016.01
20140808.000000,924,3.9,2.5,84,1016.8,3.17237,3.08248,307.382,1017.68,3.2755,3.25388,305.139,1017.1
20140808.000000,930,4.5,2.2,107,1016.8,3.11345,3.01335,313.472,1016.06,3.28668,3.25397,307.67,1016.58
20140808.000000,936,3.9,3.5,350,1016.7,3.12534,3.08102,309.337,1015.5,3.2791,3.21399,309.973,1016.71
20140808.000000,942,4.9,4.3,240,1016.6,3.1408,2.9691,310.353,1017.3,3.28637,3.27801,306.86,1016.46
20140808.000000,948,5,2.8,233,1016.6,2.9983,2.95624,305.567,1015.96,3.42376,3.41431,309.389,1016.49
20140808.000000,954,3.3,2.9,264,1016.6,3.01242,2.93651,307.587,1018.2,3.48928,3.48295,309.511,1016.66
20140808.000000,1000,4.9,3.6,273,1016.6,3.06518,3.04847,323.084,1015.93,3.4818,3.45314,313.402,1015.64
20140808.000000,1006,6.1,5.1,286,1016.4,3.08113,2.97109,328.44,1015.86,3.46155,3.41071,308.464,1016.08
20140808.000000,1012,5.5,4.3,277,1016.3,3.02613,2.6827,325.66,1015.51,3.54835,3.54675,311.423,1014.9
20140808.000000,1018,5,2.5,281,1016.3,2.95589,2.94669,308.016,1016.29,3.54774,3.50409,318.026,1015.36
20140808.000000,1024,5.2,4.8,281,1016.2,3.31202,3.28929,301.993,1016.51,3.50455,3.33282,320.838,1015.42
20140808.000000,1030,5.4,4.6,279,1016.1,3.42098,3.33363,314.32,1015.24,3.585,3.585,320.83,1015.15
20140808.000000,1036,5.6,4.4,282,1015.9,3.49159,3.49159,326.983,1014.94,3.70732,3.69726,316.76,1014.95
20140808.000000,1042,5.2,2.6,243,1015.8,3.53445,3.47967,326.253,1013.38,3.70681,3.56182,322.322,1015.14
20140808.000000,1048,3.2,2,219,1015.8,3.49196,3.46982,328.055,1014.97,3.56371,3.32393,325.921,1014.82
20140808.000000,1054,2,1.4,184,1015.8,3.47919,3.34079,326.988,1014.12,3.33217,3.23219,323.789,1015.29
20140808.000000,1100,1.9,1,207,1015.7,3.37483,3.0413,324.865,1013.82,3.25929,3.22071,331.214,1015.37
20140808.000000,1106,2.9,2.5,247,1015.5,3.33487,3.28066,324.708,1014.66,3.24282,3.21242,333.083,1014.66
20140808.000000,1112,3.6,3.2,249,1015.4,3.39338,3.10282,329.837,1014.24,3.28499,3.27383,330.852,1015.34
20140808.000000,1118,4.1,3.5,243,1015.3,3.25597,3.21157,329.889,1012.83,3.38501,3.30444,341.825,1014.01
20140808.000000,1124,3.9,3.2,249,1015.2,3.29169,3.13098,327.013,1015.46,3.38141,3.37399,339.791,1015.06
20140808.000000,1130,4.2,3.4,263,1015.1,3.20884,2.86384,324.256,1014.49,3.38732,3.35467,340.027,1014.66
20140808.000000,1136,4.8,3.7,264,1015,3.35943,3.31599,326.993,1015.42,3.36561,3.31339,338.821,1014.06
20140808.000000,1142,5.6,3.7,266,1014.9,3.54086,3.46036,326.83,1014.08,3.52419,3.51857,334.701,1015.48
20140808.000000,1148,4.4,3.3,257,1014.8,3.47027,3.26709,337.695,1015.32,3.53053,3.51036,337.771,1015.92
20140808.000000,1154,4.2,3,252,1014.7,3.63692,3.63692,347.834,1014.75,3.62977,3.60621,336.803,1015
20140808.000000,1200,4.5,3.4,249,1014.7,3.75954,3.66021,346.046,1014.04,3.62768,3.56116,337.9,1014.96
20140808.000000,1206,3.6,3,255,1014.7,3.70606,3.69899,338.525,1016.18,3.6854,3.68428,337.419,1014.96
20140808.000000,1212,2.9,0.6,284,1014.7,3.71005,3.70954,331.006,1013.51,3.89638,3.88108,330.441,1014.31
20140808.000000,1218,3.8,3.1,293,1014.7,3.66151,3.66151,317.642,1014.93,3.9346,3.80507,331.04,1014.66
20140808.000000,1224,3.8,2.3,346,1014.6,3.76961,3.67275,314.441,1017.35,3.8227,3.77403,326.496,1015.06
20140808.000000,1230,2.7,2,312,1014.5,3.72226,3.72226,317.704,1014.43,3.89027,3.85363,320.339,1014.83
20140808.000000,1236,2.5,2,290,1014.4,3.56932,3.54786,330.802,1015.1,3.99439,3.7431,319.639,1015.57
20140808.000000,1242,2.2,1.5,249,1014.3,3.67164,3.66903,341.347,1013.78,3.75321,3.54451,316.721,1014.81
20140808.000000,1248,2.2,2,246,1014.3,4.43226,4.21928,330.043,1014.07,4.04739,4.04739,309.04,1015.54
20140808.000000,1254,2.2,1.7,265,1014.2,3.77596,3.72916,342.48,1014.11,4.17813,4.00327,308.265,1014.87
20140808.000000,1300,2.1,1.6,282,1014.2,3.30969,3.30969,343.075,1015.24,4.00784,3.91916,308.741,1014.83
20140808.000000,1306,2.6,2,264,1014.1,3.31035,3.29748,306.009,1016.7,3.93009,3.75418,307.701,1015.37
20140808.000000,1312,3.1,2.2,279,1014,3.71678,3.71678,290.953,1016.33,3.88334,3.67282,313.288,1014.89
20140808.000000,1318,6.1,5.2,338,1014.1,4.68053,4.55659,302.641,1014.28,3.67888,3.60054,313.227,1015.5
20140808.000000,1324,6.7,5.9,329,1014,4.32214,4.32214,305.436,1015.83,3.64468,3.54249,311.989,1015.76
20140808.000000,1330,6.5,4.9,328,1014,3.6862,3.57151,316.911,1013.91,3.54761,3.32672,309.052,1015.09
20140808.000000,1336,5.5,4.4,325,1014,3.38447,3.38447,324.388,1014.27,3.51166,3.5088,309.093,1014.95
20140808.000000,1342,5.9,5.1,332,1014,3.17945,3.07626,326.84,1015.67,3.56206,3.50789,313.916,1014.8
20140808.000000,1348,6.3,5.2,331,1014,3.38611,3.30598,318.993,1015.72,3.52671,3.35833,319.003,1014.69
20140808.000000,1354,5.6,4.9,328,1014,3.18749,3.12528,324.299,1015.15,3.44138,3.4152,315.135,1014.74
20140808.000000,1400,5,4.3,323,1014,3.07896,3.07896,330.368,1014.4,3.53359,3.51803,313.773,1014.47
20140808.000000,1406,4.9,3.9,315,1014,3.73976,3.73976,346.171,1012.48,3.819,3.75932,319.575,1014.2
20140808.000000,1412,5.6,4.8,318,1014,3.743,3.71906,336.738,1016.21,3.75859,3.50245,321,1014.85
20140808.000000,1418,6.7,5.2,331,1014,3.56408,3.56312,349.976,1015.34,3.64338,3.55185,321.915,1014.15
20140808.000000,1424,6.6,5.7,352,1014,3.11301,2.9305,339.195,1016.47,3.76166,3.76166,337.456,1015.57
20140808.000000,1430,7.5,7,16,1014,3.65849,3.63582,351.283,1016.54,3.90747,3.79256,332.28,1014.97
20140808.000000,1436,8.2,7.6,20,1014,3.48555,3.48555,334.49,1013.46,3.80107,3.50828,327.755,1014.64
20140808.000000,1442,10.7,7.4,13,1014.1,3.74316,3.66831,331.218,1017.47,3.83461,3.83461,322.107,1014.56
20140808.000000,1448,9.2,8.2,15,1014,3.40629,3.35558,323.642,1015.1,4.6538,4.04274,325.039,1014.73
20140808.000000,1454,9.7,8.6,24,1013.9,3.42441,3.42441,340.653,1015.68,4.03749,3.48174,341.926,1014.48
20140808.000000,1500,9.7,8.8,24,1013.9,3.43783,3.20323,334.533,1014.31,3.73808,3.73779,334.98,1015.03
20140808.000000,1506,9.6,8.4,10,1013.9,3.02182,2.91211,339.401,1016.12,3.83642,3.46667,340.786,1015.44
20140808.000000,1512,9.7,7.9,16,1013.9,3.68125,3.62145,345.073,1019.23,3.69704,3.68178,328.44,1014.81
20140808.000000,1518,8.4,7.2,4,1013.8,3.48768,3.32321,346.84,1015.68,3.69239,3.58437,325.183,1013.81
20140808.000000,1524,8.6,7.8,6,1013.8,3.97708,3.87,318.753,1014.52,3.76497,3.65479,334.26,1014.94
20140808.000000,1530,9.9,9,8,1013.7,3.58146,3.32042,322.247,1017.02,3.80795,3.61316,341.399,1015.09
20140808.000000,1536,13,9.6,14,1014,3.67566,3.65071,328.101,1014.5,3.71523,3.69052,324.338,1015.49
20140808.000000,1542,13.4,8.5,31,1014,3.4253,3.41259,316.668,1014.39,3.76002,3.73394,327.067,1014.64
20140808.000000,1548,13,10.9,33,1013.9,3.4328,3.39184,313.858,1017.33,3.75423,3.57354,323.43,1014.75
20140808.000000,1554,14.3,10.4,35,1014,3.66432,3.51042,321.454,1014.3,3.61935,3.61073,319.258,1015.18
20140808.000000,1600,12.9,10,34,1014.2,3.58813,3.58813,334.707,1013.41,3.74312,3.72124,315.048,1014.09
20140808.000000,1606,12.3,9.5,34,1014.3,3.69897,3.63044,324.837,1013.88,4.05737,4.0193,311.953,1016.66
20140808.000000,1612,11.6,9,33,1014.4,3.75745,3.75745,320.627,1013.74,4.06837,3.82909,315.558,1015.35
20140808.000000,1618,11.1,9.9,28,1014.4,3.61437,3.4738,321.821,1014.87,3.83222,3.74275,317.089,1015.42
20140808.000000,1624,10.9,10.2,23,1014.4,3.61084,3.59904,337.093,1015.24,4.05941,3.89368,313.387,1015.91
20140808.000000,1630,11.3,10.3,16,1014.4,3.61459,3.60566,330.664,1017.44,3.94975,3.84828,313.442,1015.07
20140808.000000,1636,9.9,8.1,355,1014.4,3.66553,3.63096,315.252,1015.07,4.46924,4.24887,331.11,1015.71
20140808.000000,1642,9.2,8.2,358,1014.5,3.98482,3.95998,308.862,1016.08,4.25389,3.84646,321.875,1015.71
20140808.000000,1648,9,8.3,7,1014.5,3.69864,3.6303,301.724,1014.6,4.03109,3.77937,319.974,1015.51
20140808.000000,1654,10.9,9.2,29,1014.6,3.53775,3.53476,322.405,1014.03,4.25888,4.03284,317.016,1015.22
20140808.000000,1700,12.2,8.1,30,1014.6,3.64511,3.64511,333.482,1015.68,4.50205,4.35536,323.383,1016.12
20140808.000000,1706,8.3,6.6,18,1014.6,4.20664,4.09624,337.354,1015.72,4.96786,3.90315,342.329,1015.94
20140808.000000,1712,6.6,6.1,345,1014.6,4.83927,4.49643,340.29,1016.34,3.90689,3.20581,326.352,1015.23
20140808.000000,1718,8.6,7.7,338,1014.6,5.18647,4.91372,341.894,1015.82,4.132,3.3736,346.262,1015.69
20140808.000000,1724,8.6,6.4,338,1014.6,3.28938,3.27485,330.621,1017.4,4.34612,4.34612,333.993,1016.06
20140808.000000,1730,7.7,6.4,335,1014.6,4.21681,3.4274,311.96,1015.87,5.02803,4.58745,340.254,1015.2
20140808.000000,1736,7.7,6.8,330,1014.6,5.37966,5.37966,345.916,1014.77,5.56053,5.25306,347.974,1015.39
20140808.000000,1742,7.5,6.9,324,1014.6,4.20209,3.59382,350.341,1013.43,5.26729,4.62276,344.258,1015.59
20140808.000000,1748,7.4,6.1,327,1014.7,4.41838,3.58728,352.062,1016.81,5.22715,4.58225,333.673,1016.03
20140808.000000,1754,8.7,6.4,330,1014.8,6.12219,5.83818,3.19815,1019.66,6.52191,5.10944,339.671,1015.66
20140808.000000,1800,9,8.1,339,1014.8,5.78649,5.45846,351.363,1019.13,6.15262,5.6592,347.829,1015.36
20140808.000000,1806,7.9,7,331,1014.9,4.43431,3.97389,347.036,1019.11,5.71138,5.68022,332.339,1017.07
20140808.000000,1812,8.5,6.9,350,1014.9,4.68218,4.68179,350.979,1015.91,6.43513,5.55384,336.375,1017.63
20140808.000000,1818,7.6,6.6,336,1015,6.10762,5.61988,345.552,1015.61,5.79671,4.92519,344.463,1015.25
20140808.000000,1824,7.4,6.7,351,1015,5.19547,5.19301,358.945,1016.83,6.18338,5.66209,343.945,1015.76
20140808.000000,1830,8.3,7.2,358,1015,5.54553,5.43377,4.9996,1016.73,5.66371,5.54844,5.19644,1016.47
20140808.000000,1836,8,6.5,356,1015,5.56526,5.06166,0.756424,1018.29,5.69795,5.44338,7.42615,1016.08
20140808.000000,1842,8.9,7.4,344,1015.1,5.12527,5.11844,343.854,1016.81,5.43813,5.02398,359.288,1015.85
20140808.000000,1848,8.8,7,337,1015.1,5.85134,5.57609,345.115,1017.26,5.74654,5.66204,355.275,1015.48
20140808.000000,1854,8.3,6.8,338,1015.1,6.41786,6.11115,348.787,1015.42,5.84894,5.52795,358.975,1014.79
20140808.000000,1900,8.3,7.3,349,1015,6.20712,5.74294,355.348,1016.37,5.61794,5.46617,357.039,1016.6
20140808.000000,1906,7.6,5,346,1015.1,6.32877,6.08842,354.047,1016.34,5.54097,5.43167,358.051,1017.03
20140808.000000,1912,9,6.1,357,1015,6.01291,5.50856,350.331,1018.09,5.67683,5.67578,358.1,1016.91
20140808.000000,1918,11.3,8,343,1015.1,7.0447,6.83409,354.586,1017.01,5.69718,5.37383,358.098,1016.08
20140808.000000,1924,10.4,8.4,345,1015.1,6.83138,6.76587,350.697,1015.92,5.68785,5.67253,355.514,1016.92
20140808.000000,1930,8,7,344,1015.2,6.28263,6.01949,355.386,1014.69,5.8651,5.843,356.223,1015.79
20140808.000000,1936,8.2,6.2,346,1015.2,6.31502,5.9929,3.76949,1014.27,5.86477,5.62427,355.532,1015.68
20140808.000000,1942,8.4,7.2,342,1015.1,6.41811,6.19276,352.233,1016.07,5.65986,5.63793,354.363,1015.66
20140808.000000,1948,8.8,8,349,1015,6.51939,5.72995,341.323,1019.72,6.07583,6.07153,353.54,1015.53
20140808.000000,1954,10.1,8,347,1014.9,7.34144,7.0816,350.474,1016.64,6.16868,5.95884,352.047,1014.75
20140808.000000,2000,9.7,8.2,354,1014.9,8.10505,8.0603,351.975,1014.56,5.9728,5.78926,350.528,1015.69
20140808.000000,2006,9.8,8.5,352,1014.8,8.20605,8.20605,347.682,1014.67,6.07714,6.07347,347.023,1016.13
20140808.000000,2012,9.3,7.9,347,1014.8,7.81373,7.34928,352.357,1016.24,6.75061,6.70822,347.138,1015.61
20140808.000000,2018,10.1,8.3,344,1014.7,7.95336,7.41432,344.496,1014.05,6.74962,6.60642,349.419,1015.33
20140808.000000,2024,9.9,8.7,342,1014.6,7.99368,7.94769,344.087,1018.44,7.08427,7.08427,344.957,1015.21
20140808.000000,2030,10.2,8.6,352,1014.6,8.21757,8.02718,345.042,1014.15,7.36337,7.15922,346.329,1015.64
20140808.000000,2036,12.4,10.7,344,1014.6,7.92829,7.87153,347.711,1015.82,7.15826,6.78266,347.993,1015.54
20140808.000000,2042,9.9,6.3,343,1014.5,7.82859,7.44027,351.249,1014.54,6.94579,6.84276,349.52,1015.21
20140808.000000,2048,9.6,8.5,358,1014.4,7.36425,7.00204,347.439,1014.73,6.94106,6.71517,350.663,1015.73
20140808.000000,2054,9.3,8,345,1014.3,6.89541,6.43102,341.082,1014.56,7.04425,7.0022,351.521,1014.51
20140808.000000,2100,10.2,8.3,343,1014.3,6.75464,6.39817,351.093,1017.01,7.07752,6.89087,352.721,1015.8
20140808.000000,2106,10.3,7.8,347,1014.3,7.11148,7.02468,347.331,1016.36,6.93086,6.38782,351.665,1015.83
20140808.000000,2112,9.1,7.6,5,1014.1,7.16531,6.91152,345.298,1015.53,6.57954,6.5502,351.568,1013.51
20140808.000000,2118,10.8,10.1,3,1013.9,6.76963,6.67352,349.515,1014.34,6.62294,6.52181,349.142,1013.89
20140808.000000,2124,10.8,8.2,357,1013.9,8.0034,7.89759,348.544,1014.75,6.79984,6.79984,345.332,1014.93
20140808.000000,2130,10.9,8.5,349,1013.8,8.23739,8.19035,350.497,1012.63,7.03263,7.00505,343.783,1014.28
20140808.000000,2136,12.9,10.2,5,1013.8,8.29545,7.94509,347.938,1014.18,7.39276,7.39129,341.189,1013.84
20140808.000000,2142,11.3,9.7,359,1013.8,8.33211,8.03801,347.734,1016.32,7.7201,7.70203,343.067,1014.88
20140808.000000,2148,15.7,14.3,10,1014,8.33626,8.2164,353.037,1013.75,7.95505,7.91582,345.659,1014.8
20140808.000000,2154,14.4,11.2,3,1014,8.72412,8.72412,358.705,1012.3,8.09715,8.06876,347.123,1012.97
20140808.000000,2200,12.1,10.6,7,1014.1,8.84212,8.54232,0.100616,1013.72,8.23358,8.20819,348.32,1014.53
20140808.000000,2206,12.5,10,351,1014,9.303,9.00551,351.377,1015.03,8.27709,8.14918,349.653,1014.08
20140808.000000,2212,10.8,9.8,338,1013.9,9.28427,8.9535,352.586,1013.08,8.30267,8.30267,350.472,1013.81
20140808.000000,2218,9.9,7.8,334,1013.8,9.07998,8.80122,353.528,1014.69,8.6748,8.66427,350.88,1013.33
20140808.000000,2224,8.8,7.5,335,1013.6,9.26714,9.01377,357.55,1014.97,8.85597,8.8541,350.719,1014.16
20140808.000000,2230,8.6,7.7,333,1013.5,9.14488,8.70066,354.2,1013.73,8.96371,8.93417,350.698,1013.39
20140808.000000,2236,9.2,8.2,338,1013.5,9.2973,9.09475,351.087,1013.78,8.982,8.90173,351.166,1013.48
20140808.000000,2242,11.2,9.1,360,1013.4,9.62006,9.37885,350.339,1013.17,8.98463,8.90868,351.645,1013.43
20140808.000000,2248,13.6,10.5,14,1013.3,9.41779,9.01488,349.701,1015,9.03296,8.86985,353.151,1013.18
20140808.000000,2254,13.8,11.8,24,1013.2,8.91204,8.27101,350.527,1012.49,8.92412,8.88084,354.779,1012.79
20140808.000000,2300,13.4,12.5,5,1013.2,9.38974,9.34266,356.786,1012.5,8.98565,8.87598,356.789,1012.76
20140808.000000,2306,13.4,10.2,5,1013.2,9.82571,9.35988,356.631,1013.39,8.86953,8.5216,356.399,1013.75
20140808.000000,2312,11.6,10.7,352,1013.1,9.66797,9.62592,356.386,1013.61,8.69832,8.49212,354.245,1013.26
20140808.000000,2318,11.5,10,346,1012.9,9.40392,9.02948,352.265,1013.81,8.79575,8.49612,351.464,1012.61
20140808.000000,2324,10.9,8.9,351,1013,10.1326,9.94144,350.227,1011.18,8.89153,8.23027,346.485,1011.66
20140808.000000,2330,11.7,10.4,353,1012.8,10.1865,9.74091,346.563,1013.24,8.89429,8.86705,346.214,1012.06
20140808.000000,2336,12.8,10.5,356,1012.8,9.9074,9.67812,345.238,1012.28,9.50515,9.08646,345.505,1012.32
20140808.000000,2342,13.1,11.7,2,1012.8,9.21394,8.40397,339.469,1013.81,9.29611,9.28084,344.952,1012.75
20140808.000000,2348,12.1,9.8,345,1012.7,9.0432,8.47917,337.784,1011.32,9.3093,9.12691,344.207,1013.38
20140808.000000,2354,11.6,9.7,337,1012.7,8.14685,8.02336,341.847,1010.86,9.25402,9.18173,341.858,1011.82
20140808.000000,0,10.9,9.5,353,1012.5,8.25504,7.39218,345.935,1012,9.20402,7.87159,339.46,1012
20140808.000000,6,10.5,9,347,1012.5,8.22636,7.7284,347.951,1012.05,9.11128,8.6687,340.112,1013.03
20140808.000000,12,9.4,7.9,352,1012.4,9.57177,8.73429,340.947,1015.5,8.89914,8.47645,339.746,1012.02
20140808.000000,18,10.2,9,2,1012.4,8.74794,8.5989,338.13,1012.8,8.60244,7.49495,341.562,1010.62
20140808.000000,24,9.9,7.3,345,1012.3,7.60798,7.13737,338.924,1012.11,7.52981,6.96828,343.524,1013.51
20140808.000000,30,11.5,9.9,3,1012.1,7.69796,7.40777,346.427,1012.81,7.33945,7.14375,343.615,1012.46
20140808.000000,36,13.9,10.5,2,1011.9,8.3701,8.36957,343.892,1013.52,8.41909,8.26245,337.371,1013.85
20140808.000000,42,12.8,10.3,356,1011.9,8.70711,8.31192,340.392,1011.53,8.58251,8.12964,342.269,1012.98
20140808.000000,48,12.3,10.7,356,1011.8,9.60747,8.83621,340.475,1014.47,8.14009,7.90906,342.778,1012.28
20140808.000000,54,13.3,12,351,1011.8,10.0831,9.02999,343.171,1012.55,9.09511,9.01542,340.688,1012.82
20140808.000000,100,13.9,11.4,3,1011.6,10.7974,9.59947,334.869,1014.74,9.28571,8.98637,338.249,1013.33
20140808.000000,106,11.9,11,347,1011.6,10.5571,10.2688,334.355,1013.26,10.2913,10.2913,337.479,1012.09
20140808.000000,112,13.5,10.7,343,1011.5,11.2463,10.3349,331.885,1013.8,10.7433,10.0697,334.307,1012.84
20140808.000000,118,13.4,10.6,346,1011.4,11.0862,10.3267,326.538,1014.13,10.4765,10.3938,332.577,1012.76
20140808.000000,124,14.2,10.8,348,1011.3,10.9692,9.96844,340.681,1012.54,11.7852,11.3813,329.752,1012.08
20140808.000000,130,12.4,10.6,342,1011.1,10.1519,9.44528,335.857,1013.96,11.8197,11.4431,326.59,1012.6
20140808.000000,136,13.2,10.8,338,1011,12.2746,11.3359,330.543,1013.44,12.1484,12.1484,333.567,1012.73
20140808.000000,142,12.8,10.4,337,1011,13.0589,12.7152,320.106,1013.05,13.1588,12.2068,332.063,1011.24
20140808.000000,148,15.8,12.5,348,1010.9,12.343,12.0906,319.393,1013.5,12.2595,9.66677,335.245,1012.19
20140808.000000,154,19.5,13.8,4,1011,13.6217,12.6521,326.532,1013.16,12.1749,11.1567,337.225,1012.65
20140808.000000,200,16.7,14.4,16,1011.1,11.9235,11.8799,322.278,1012.4,16.2622,14.0934,332.79,1012.83
20140808.000000,206,19,16.1,17,1011,12.2687,12.0904,315.797,1011.14,14.1763,10.6634,336.248,1011.92
20140808.000000,212,14.7,13,6,1010.9,11.3917,10.5621,316.164,1013.27,11.7101,10.4602,334.344,1012.01
20140808.000000,218,16.4,13.3,8,1010.9,12.0287,11.7778,315.195,1012.97,12.1199,11.467,337.028,1011.99
20140808.000000,224,17.2,14.3,8,1011,14.2629,14.0033,313.416,1011.63,12.2998,11.6689,327.172,1012.17
20140808.000000,230,16.3,14.3,15,1011.1,13.8553,13.7506,322.445,1010.96,13.2293,11.573,332.354,1011.38
20140808.000000,236,17,13.6,21,1011.3,15.5388,15.0759,320.206,1012.54,12.0131,9.0603,330.115,1010.98
20140808.000000,242,17,13.4,29,1011.3,14.6815,13.7638,310.497,1013.58,12.9409,10.8533,324.552,1012.56
20140808.000000,248,14,11.5,30,1011.4,14.549,14.3024,319.932,1010.59,13.4861,9.56657,326.747,1011.77
20140808.000000,254,15.4,13.3,22,1011.4,12.778,12.1471,312.722,1012.84,10.7109,10.5344,334.734,1011.73
20140808.000000,300,15.9,12.4,12,1011.4,13.4825,13.2539,320.226,1011.37,12.9066,11.8673,329.624,1011.34
20140808.000000,306,13.7,11.9,7,1011.3,14.3488,13.8834,316.218,1012.28,11.8669,7.42516,332.621,1011.52
20140808.000000,312,13.5,11.1,6,1011.4,11.5806,10.6484,328.864,1011.83,12.7226,12.7226,321.813,1011.13
20140808.000000,318,15.1,11.2,26,1011.5,11.1612,10.2922,328.5,1013.03,17.3697,15.2872,329.215,1010.75
20140808.000000,324,12.2,9.7,17,1011.5,7.47499,6.94377,5.58707,1012.46,15.2955,14.1279,320.625,1011.44
20140808.000000,330,11.1,10.2,7,1011.5,9.24845,9.18892,11.2561,1012.6,15.3065,11.8714,324.885,1011.21
20140808.000000,336,11.7,9.6,350,1011.5,7.90283,7.39819,350.15,1011.04,16.9582,16.9582,334.864,1012.79
20140808.000000,342,10.9,8.5,332,1011.4,9.80439,9.32494,15.702,1011.81,20.8326,9.85302,359.84,1011.9
20140808.000000,348,11.9,10,337,1011.4,12.6114,11.7547,335.163,1011.65,12.9215,12.4928,321.82,1012.46
20140808.000000,354,13.9,10.6,356,1011.4,11.6254,10.2482,327.813,1013.3,14.5139,13.3786,327.811,1011.59
20140808.000000,400,13.4,11,346,1011.4,12.9824,12.5013,353.142,1013.44,15.2248,9.93967,340.714,1011.59
20140808.000000,406,11.9,10,356,1011.2,10.157,9.55,343.137,1013.1,15.2078,14.7052,344.968,1012.5
20140808.000000,412,12.5,10.4,345,1011.4,6.5408,6.51601,10.2749,1012.8,16.8555,9.78377,334.697,1012.28
20140808.000000,418,12.7,9.7,355,1011.6,15.9291,15.3974,329.061,1013.02,12.5429,11.6609,343.24,1012.53
20140808.000000,424,12,10.5,343,1011.6,12.8374,12.8357,339.302,1012.75,14.9712,11.987,344.478,1012.08
20140808.000000,430,14.6,10.3,346,1011.4,12.694,12.1307,339.847,1012.4,12.8175,12.1857,335.944,1012.44
20140808.000000,436,14.7,9.9,348,1011.5,12.841,12.3178,334.031,1013.23,12.1731,11.5897,334.181,1012.56
20140808.000000,442,14.6,11.4,343,1011.4,12.5686,11.3692,335.82,1011.75,11.5896,11.0486,338.557,1012.21
20140808.000000,448,18.1,13.6,33,1011.7,11.8256,11.5836,337.993,1011.84,12.9538,12.0581,333.025,1012.78
20140808.000000,454,15.2,6.5,55,1012.4,11.959,11.3439,337.013,1012.87,12.0347,9.5979,333.872,1012.68
20140808.000000,500,13.4,9.9,43,1011.9,11.9523,11.8984,337.86,1015.92,14.3541,10.2417,333.138,1013.06
20140808.000000,506,12.4,9.4,44,1012,12.6333,12.1929,324.772,1012.93,14.4602,14.1143,330.292,1012.75
20140808.000000,512,12.7,7.5,36,1012,12.1556,10.9555,330.835,1011.74,14.9201,10.2311,326.938,1011.51
20140808.000000,518,13.2,11.2,45,1012.1,13.4874,13.3113,327.406,1011.78,14.8811,12.5299,327.737,1012.28
20140808.000000,524,13.8,10.2,37,1012,12.6958,12.5788,346.703,1011.9,14.6941,12.0369,335.996,1012.42
20140808.000000,530,14.1,9.7,35,1012.2,12.3495,12.3366,331.434,1011.19,13.1464,10.3862,347.393,1012.37
20140808.000000,536,14.7,10.4,39,1012.2,13.5806,13.003,330.483,1012.66,14.1166,10.3856,338.358,1012.18
20140808.000000,542,13.3,9.9,33,1012.1,14.3502,13.3434,330.348,1013.75,12.6775,10.3999,338.209,1011.61
20140808.000000,548,12.6,9.3,31,1012.1,13.4476,12.6935,328.281,1010.91,13.479,10.8708,342.611,1012.95
20140808.000000,554,12.9,10.8,31,1012.1,16.298,16.2392,348.899,1012.09,10.8675,6.57088,349.076,1012.11
20140808.000000,600,12.7,10.8,44,1012.2,4.95219,4.38325,6.59781,1013.22,14.4014,9.19009,351.019,1011.88
20140808.000000,606,18.2,13.9,42,1012.2,9.79147,9.06974,19.2824,1011.08,9.73239,7.36319,343.616,1012.23
20140808.000000,612,21.7,8.8,47,1012.5,11.4734,11.3178,359.689,1013.43,13.3053,11.7252,344.523,1012.29
20140808.000000,618,17,9.2,58,1012.5,11.3926,9.97993,340.741,1010.9,11.7315,10.5885,357.476,1013.33
20140808.000000,624,14.7,9.6,77,1012.5,11.6452,10.9132,350.754,1015.77,12.445,10.1787,343.356,1013.48
20140808.000000,630,14.9,8.7,65,1012.6,12.9144,12.1396,351.443,1013.97,10.3806,9.72289,343.513,1013.36
20140808.000000,636,15.3,6.7,58,1012.6,9.85322,9.42625,356.406,1013.76,11.7514,10.3164,348.549,1013.71
20140808.000000,642,12.7,8.6,40,1012.5,12.1287,11.4662,344.406,1013.69,12.1703,7.90024,358.351,1014.92
20140808.000000,648,20.1,10.9,63,1012.8,10.6261,10.3626,342.526,1012.94,12.6821,8.30499,350.379,1013.9
20140808.000000,654,16,8.2,68,1012.8,11.6699,11.234,339.867,1014.52,12.9417,12.9155,351.28,1014.99
20140808.000000,700,13.2,7.8,68,1012.7,10.5467,9.80363,345.846,1015.81,12.8973,6.65694,341.018,1015
20140808.000000,706,14.7,9.7,46,1012.7,11.3422,11.257,344.881,1014.6,8.24255,8.1334,7.0643,1015.06
20140808.000000,712,14.3,8.7,57,1012.7,12.4391,12.4391,344.493,1013.48,10.0322,9.96452,346.305,1013.87
20140808.000000,718,12.7,7.2,68,1013.1,12.8918,12.8918,330.363,1013.84,10.3993,9.17771,351.638,1014.26
20140808.000000,724,15.4,8.8,61,1013,13.3182,9.88452,347.361,1014.12,9.67751,7.09208,348.502,1014.9
20140808.000000,730,15.3,10.5,42,1012.8,10.44,9.63804,5.69467,1015.19,8.35763,4.16975,12.3744,1013.44
20140808.000000,736,14.4,11.6,44,1012.7,9.007,7.72424,10.4332,1015.26,7.9189,4.42071,6.07205,1014.82
20140808.000000,742,14.8,11.1,46,1012.9,6.18298,6.08244,26.3676,1015.32,11.4962,5.81417,45.4498,1015.35
20140808.000000,748,15,8.4,60,1013.1,7.83572,3.99737,29.6864,1014,5.84202,5.04553,56.8198,1015.09
20140808.000000,754,14.9,8.9,48,1012.7,5.23442,4.79786,10.0584,1016.19,6.43503,5.11648,62.7345,1015.46
20140808.000000,800,15.8,8.6,47,1012.8,3.8354,3.18285,23.3018,1015.61,6.28066,6.28066,44.3495,1014.81
20140808.000000,806,15.9,7.8,53,1012.9,5.22493,4.30562,8.84966,1015.64,6.59137,4.54417,29.0008,1014.77
20140808.000000,812,12,7.5,48,1012.7,4.4036,3.64974,40.5284,1016.03,5.61744,4.88492,45.1383,1014.59
20140808.000000,818,14.6,8.5,77,1012.9,5.39326,4.64739,3.63684,1015.13,4.9099,3.46224,23.8685,1014.2
20140808.000000,824,17.2,10.6,80,1012.8,5.34139,4.93491,6.47836,1016.45,4.26233,3.42106,0.473343,1015.28
20140808.000000,830,14.6,8.6,65,1012.7,5.61989,4.81958,343.763,1013.66,5.31391,5.28811,353.051,1014.11
20140808.000000,836,14.4,7.9,79,1013,5.62587,4.85896,352.818,1014.88,5.77589,5.34422,14.1643,1014.67
20140808.000000,842,17.3,8.7,70,1012.8,7.67059,7.45333,344.677,1016.18,5.33161,3.27892,341.994,1014.94
20140808.000000,848,18.1,9.4,68,1012.7,8.20729,4.49582,340.865,1015.65,4.88676,3.05618,315.22,1014.21
20140808.000000,854,14.4,8.7,62,1012.6,5.38363,1.90847,75.6372,1012.45,4.31016,4.31016,315.64,1015.17
20140808.000000,900,16.4,8.7,74,1012.5,3.60487,2.42504,42.2281,1015.1,5.12735,4.66534,311.25,1015.06
20140808.000000,906,13.4,8.5,70,1012.3,2.90263,2.08443,24.4234,1013.82,4.28012,3.08475,348.275,1015.86
20140808.000000,912,15.4,10.8,86,1012.4,2.30357,1.33298,33.5932,1014.93,3.92046,3.40497,342.218,1015.69
20140808.000000,918,17.3,10.2,69,1012.2,7.47445,7.23406,38.6297,1015.69,10.2439,9.44059,77.1834,1015.55
20140808.000000,924,14.7,8.4,73,1012.1,7.26613,2.78346,109.18,1015.1,9.44048,5.25253,113.094,1016.18
20140808.000000,930,17.9,8.3,71,1012,3.56294,1.93797,105.55,1014.95,9.18024,6.25126,93.473,1015.54
20140808.000000,936,16,10.3,77,1011.9,3.01227,2.47389,133.314,1014.96,8.65404,3.94515,78.8491,1015.25
20140808.000000,942,15.9,8.2,81,1012,3.4761,3.39048,110.83,1014.27,3.96898,3.79653,116.187,1014.82
20140808.000000,948,19.1,9.9,81,1012.1,3.68573,2.36022,97.1347,1014.23,4.11283,3.31148,97.1071,1015.25
20140808.000000,954,16.3,9.2,75,1012,2.69639,2.40292,111.535,1015.67,3.36231,2.43951,105.711,1014.2
20140808.000000,1000,14.4,7.6,73,1012,2.64012,1.87515,97.4275,1013.28,2.62257,2.34084,111.626,1015.04
20140808.000000,1006,14.8,9.6,75,1012.1,1.9976,1.5686,114.649,1015.36,2.34333,1.32616,109.151,1014.87
20140808.000000,1012,12.7,7.7,65,1011.9,1.80041,1.5225,116.791,1015.22,1.87327,1.58108,160.692,1014.47
20140808.000000,1018,15.7,8.1,77,1011.8,1.56572,0.799402,36.7626,1014.54,1.58452,0.410994,6.21823,1013.98
20140808.000000,1024,12.3,8.6,88,1011.8,1.95924,1.75154,9.90228,1014.04,2.47101,2.44727,312.711,1014.43
20140808.000000,1030,14,9.4,90,1011.8,1.86579,1.08719,42.4733,1014.7,2.76655,2.70796,303.781,1014.6
20140808.000000,1036,16.4,10.6,90,1012,1.47305,1.33233,50.3623,1013.1,3.3991,3.32522,305.338,1013.93
20140808.000000,1042,16.1,10,84,1012,1.6258,1.38131,26.3161,1015.9,3.36992,2.36614,330.167,1014.62
20140808.000000,1048,14.9,10.5,91,1012.1,1.65017,1.61277,350.925,1014.64,2.36137,1.36332,293.154,1014.22
20140808.000000,1054,17,9.8,92,1012.3,1.79451,1.57582,6.19911,1014.51,3.35932,3.35932,224.558,1013.88
20140808.000000,1100,16.9,12.1,106,1012.4,1.77396,1.13907,328.464,1015.75,5.45724,5.36323,226.113,1014.27
20140808.000000,1106,15,10.2,109,1012.3,1.12529,0.594329,240.606,1015.14,5.37476,4.26943,182.296,1014.06
20140808.000000,1112,12.8,8.1,96,1012.3,1.86775,1.60528,247.88,1016.23,4.30043,4.24812,232.171,1014.66
20140808.000000,1118,10.4,6.2,93,1012.1,1.80258,1.37255,276.64,1015.16,5.3318,4.40873,224.136,1014.66
20140808.000000,1124,10.6,6.1,100,1012.1,1.55354,1.54399,235.068,1013.64,4.44377,3.36405,208.872,1013.51
20140808.000000,1130,14.3,8,99,1011.9,4.61187,4.59787,190.076,1013.44,3.53376,3.26521,223.935,1013.97
20140808.000000,1136,11.7,6.7,102,1012,5.7406,3.27929,185.576,1014.94,4.80851,3.77334,155.256,1014.33
20140808.000000,1142,10.9,7,121,1012.2,4.4836,3.90153,108.887,1012.19,6.73409,6.68279,155.687,1013.5
20140808.000000,1148,14.6,7.7,124,1012.3,3.98801,2.54107,128.545,1013.06,6.67893,4.08936,175.766,1014.44
20140808.000000,1154,14.5,8.8,127,1012.3,4.49921,4.314,126.729,1013.38,4.08182,2.48784,148.941,1014.13
20140808.000000,1200,14.3,8.3,110,1012.3,4.62431,2.71813,165.345,1011.29,2.5153,2.33523,188.255,1015.08
20140808.000000,1206,11.4,6.5,111,1012.1,3.40765,3.23287,245.255,1014.23,6.04499,6.04499,232.441,1014.25
20140808.000000,1212,17.3,11.2,109,1012.2,4.38336,4.18525,236.55,1015.52,6.97697,6.8395,239.234,1014.67
20140808.000000,1218,17.4,9.1,96,1012.1,5.11501,3.61041,225.255,1015.12,7.15751,7.15751,234.616,1014.54
20140808.000000,1224,13.1,9.5,98,1012.1,4.19418,3.55694,184.718,1014.85,7.23194,5.73374,249.526,1014.24
20140808.000000,1230,12.4,9.5,115,1012.1,4.10596,3.98879,199.831,1013.48,5.99241,5.9562,257.601,1015.34
20140808.000000,1236,10.5,5.6,128,1012.2,4.01958,3.50634,239.612,1016.08,6.06262,5.26285,254.838,1014.43
20140808.000000,1242,11.3,6.4,129,1012.3,4.74842,4.71437,235.45,1014.38,5.26782,4.58873,249.189,1015.51
20140808.000000,1248,11.3,5.8,123,1012.2,5.12034,5.12034,249.056,1014.05,4.67675,4.62572,271.325,1014.67
20140808.000000,1254,9.6,6.1,131,1012.1,5.40901,5.30475,253.913,1013.89,5.09253,4.71576,282.734,1013.56
20140808.000000,1300,12.1,6,136,1012.1,5.43334,5.02295,257.307,1013.98,5.33851,4.80205,284.08,1014.21
20140808.000000,1306,10.2,6.8,154,1012.1,5.4751,5.13256,266.821,1015.05,5.42017,3.95937,290.221,1013.93
20140808.000000,1312,10.1,5.7,165,1012.2,5.30847,3.78707,273.415,1014,4.00003,1.8283,296.95,1013.48
20140808.000000,1318,8.4,3.8,142,1012.1,5.40513,5.15938,285.708,1013.46,1.87374,1.52993,249.651,1013.66
20140808.000000,1324,8.3,5,157,1012.3,5.74297,5.27533,288.521,1014.72,1.53566,1.43423,321.595,1013.49
20140808.000000,1330,6.4,3.6,126,1012.3,5.49422,2.66035,260.82,1013.16,1.74311,1.31795,330.409,1013.35
20140808.000000,1336,6.8,4,154,1012.2,2.94674,2.21079,342.197,1013.66,5.03804,2.70974,223.861,1014.21
20140808.000000,1342,12.3,8.4,152,1012.3,3.81618,2.39498,97.6373,1016.13,2.68916,0.574897,295.231,1013.99
20140808.000000,1348,10.8,5.6,155,1012.4,2.78028,1.88635,157.883,1012.47,1.58485,1.52163,315.814,1013.37
20140808.000000,1354,8.4,6.2,144,1012.4,4.75533,4.38856,224.606,1012.33,1.86083,1.72155,27.0632,1013.72
20140808.000000,1400,7.7,3.4,155,1012.4,5.1191,2.40974,253.525,1013.34,1.99683,1.61563,278.604,1014.26
20140808.000000,1406,4.4,2.8,202,1012.3,2.50505,2.1016,200.584,1013.07,3.32574,3.23497,320.196,1013.86
20140808.000000,1412,5,1.8,193,1012.7,2.0843,1.11209,135.116,1014.42,3.999,3.87934,322.082,1013.13
20140808.000000,1418,4.7,3.1,197,1012.9,2.52755,2.27503,139.626,1012.9,5.51326,5.12299,341.006,1013.23
20140808.000000,1424,5.1,3.4,187,1012.8,2.55565,2.00028,155.89,1013.88,6.58334,6.53094,53.0361,1013.09
20140808.000000,1430,8.4,4.1,172,1012.6,2.77618,2.67778,170.864,1013.09,6.58895,1.18934,44.716,1013.27
20140808.000000,1436,8.9,5.7,176,1012.6,3.95531,3.62443,151.982,1012.58,1.65683,1.34505,277.601,1012.73
20140808.000000,1442,10.1,6.6,163,1012.8,3.90661,2.83386,109.933,1013.47,5.26622,3.28424,292.168,1013.19
20140808.000000,1448,12.4,4.7,151,1012.9,7.04948,6.96251,87.3821,1013.4,5.35453,3.35407,301.689,1011.72
20140808.000000,1454,8.7,4.4,165,1013,6.93707,3.80329,65.7206,1012.07,3.51223,3.12223,194.297,1012.84
20140808.000000,1500,8.7,4.2,168,1012.8,6.00978,4.99578,55.0123,1013.28,6.3875,5.1662,235.655,1014.47
20140808.000000,1506,8.9,5.6,147,1012.9,6.4681,5.84275,60.8068,1012.71,5.19526,5.03108,251.073,1013.69
20140808.000000,1512,7.1,4,171,1012.9,7.02052,6.74607,56.5042,1014.11,5.80866,2.79936,243.746,1014.23
20140808.000000,1518,8.1,5.1,187,1013.3,7.70386,6.5416,83.2158,1012.77,4.97726,3.31944,198.686,1013.61
20140808.000000,1524,12.8,6.5,175,1013.6,8.50299,5.44126,144.296,1013.49,3.76078,2.96881,168.169,1013.31
20140808.000000,1530,11.7,4.7,186,1013.6,5.62577,4.219,112.367,1013.21,5.66782,4.91549,140.319,1013.86
20140808.000000,1536,5.5,3.5,171,1013.8,6.44915,5.41205,116.462,1013.04,5.42911,5.08443,129.824,1013.16
20140808.000000,1542,5.1,3.7,220,1014.1,6.89105,4.30214,141.688,1013.69,5.92235,4.7912,145.753,1013.69
20140808.000000,1548,4.8,4,244,1014.2,8.28959,6.70294,141.509,1013.26,6.62947,6.56012,134.364,1013.72
20140808.000000,1554,6.1,4.5,249,1014.1,7.32581,3.58197,159.791,1013.32,7.67487,7.61002,134.306,1014.24
20140808.000000,1600,6.2,4.4,245,1014.2,6.12774,5.8362,140.808,1014.04,8.84943,7.67525,143.385,1013.14
20140808.000000,1606,6.3,5.3,237,1014.4,6.54938,5.7775,138.22,1013.76,7.60736,6.83466,147.053,1014.47
20140808.000000,1612,7.5,4.9,219,1014.6,5.92463,3.97609,133.156,1014.89,8.07388,7.72747,124.491,1014.61
20140808.000000,1618,7.1,4.4,218,1014.8,5.78191,5.78191,149,1015.4,8.00016,6.60097,120.235,1014.87
20140808.000000,1624,4.8,4.3,247,1014.8,9.73831,6.02883,151.011,1014.59,6.77808,5.07036,142.313,1014.34
20140808.000000,1630,7,6,254,1015,7.77414,7.5735,154.883,1016.21,5.38382,5.17744,137.027,1015.76
20140808.000000,1636,11.1,8.3,237,1015.2,8.7909,6.74013,142.684,1016.88,6.57624,6.11031,131.897,1014.46
20140808.000000,1642,9.6,7.6,229,1015.1,8.70086,7.81448,142.647,1015.79,6.28766,5.23787,130.04,1014.43
20140808.000000,1648,9.5,7.7,227,1015.3,8.05652,6.76436,158.599,1014.53,6.56615,4.85423,122.981,1014.04
20140808.000000,1654,8.5,6.6,230,1015.4,7.78622,7.10791,164.251,1014.28,5.27147,5.16035,134.351,1014.41
20140808.000000,1700,6.9,5.2,209,1015.6,7.07252,3.83607,173.356,1016.03,5.57127,5.52193,141.144,1014.77
20140808.000000,1706,6.9,5.9,234,1015.7,5.78236,4.4658,158.738,1015.18,6.04485,6.04485,141.822,1014.32
20140808.000000,1712,7.6,4.8,209,1015.9,5.53439,5.12475,135.591,1016.46,6.71291,6.61529,136.804,1014.92
20140808.000000,1718,9.1,5.3,216,1016,5.40506,3.61315,149.546,1011.68,6.91003,6.38147,139.072,1014.99
20140808.000000,1724,8.7,5.7,224,1016.1,4.12368,3.11727,146.507,1014.47,6.63169,5.59011,132.625,1014.68
20140808.000000,1730,9.6,6.8,222,1016.3,4.82795,4.81657,153.156,1014.71,5.67954,5.63263,125.531,1014.66
20140808.000000,1736,12,8.7,233,1016.3,6.36348,6.07741,147.832,1011.5,6.90049,6.90049,128.632,1015.64
20140808.000000,1742,10,4.8,238,1016.4,6.46394,5.78781,142.343,1014.85,7.29212,7.19483,118.473,1015.26
20140808.000000,1748,7.9,4.4,255,1016.3,6.08471,5.90995,137.323,1015.32,7.3027,6.33934,117.248,1015.66
20140808.000000,1754,8,3.2,235,1016.3,6.26541,5.72441,131.468,1016.78,6.44366,6.3574,119.921,1015.78
20140808.000000,1800,4.3,3.6,234,1016.5,5.98439,5.61173,129.6,1013.78,6.58791,6.56425,117.954,1015.94
20140808.000000,1806,6.9,5.8,218,1016.8,6.66431,6.63069,127.063,1016.43,7.10905,6.91691,125.309,1015.74
20140808.000000,1812,6.7,4.7,220,1016.9,6.85022,6.45109,126.196,1017.03,8.00976,8.00605,129.196,1015.1
20140808.000000,1818,7.7,4.1,238,1016.8,6.60741,6.2707,116.591,1015.4,8.09386,7.04453,126.438,1015.13
20140808.000000,1824,7.4,4.3,216,1016.9,7.21222,7.0199,120.976,1015.05,7.10609,6.17938,127.425,1016.38
20140808.000000,1830,7.5,3.9,205,1016.8,7.17809,7.0545,127.088,1016.55,6.39521,6.1723,129.22,1016.33
20140808.000000,1836,10.8,8.6,235,1016.4,7.23216,6.65532,131.484,1015.68,6.26964,5.77001,132.46,1015.84
20140808.000000,1842,12.6,9.1,230,1016.4,6.79592,6.33868,138.113,1014.96,5.92415,5.64934,137.025,1016.42
20140808.000000,1848,12.6,9.7,237,1016.8,6.52521,5.64935,141.577,1014.46,5.72692,5.18825,140.52,1016.02
20140808.000000,1854,10.6,7,196,1017.2,5.75318,5.15257,144.33,1016.84,5.26207,4.59817,142.838,1016.61
20140808.000000,1900,8.9,6.8,246,1017.3,5.47422,5.05919,145.453,1015.86,4.88375,4.61303,145.609,1015.96
20140808.000000,1906,9.8,6.3,272,1017.1,5.53701,5.40923,147.612,1017.65,4.69299,4.34445,151.574,1015.63
20140808.000000,1912,8.4,6.5,261,1016.8,5.58095,5.28604,155.136,1015.47,4.70971,4.70971,157.13,1016.41
20140808.000000,1918,10.2,7.7,277,1016.7,5.72322,5.23847,153.106,1015.21,4.78411,4.74144,159.773,1016.02
20140808.000000,1924,6.5,5.3,249,1016.7,5.34096,4.69267,158.322,1018.05,4.77531,4.52021,161.083,1015.62
20140808.000000,1930,6.9,6,237,1016.6,5.45436,5.27975,156.88,1014.83,4.67951,4.18567,164.344,1016.14
20140808.000000,1936,7.8,5,211,1016.8,5.73101,4.27595,168.973,1013.79,4.24683,3.7927,171.936,1015.56
20140808.000000,1942,7.2,4.4,214,1016.7,4.41134,3.81138,188.475,1015.02,3.81131,3.42495,179.863,1015.62
20140808.000000,1948,3.9,2.8,231,1016.6,3.82762,3.18861,198.696,1014.4,3.51919,3.44928,184.582,1015.95
20140808.000000,1954,3,1.8,212,1016.5,3.86952,3.54072,200.694,1016.19,3.48875,3.41103,184.269,1016.68
20140808.000000,2000,3.1,2.4,213,1016.5,3.72484,3.16802,201.315,1016.56,3.51585,2.99329,190.809,1017.27
20140808.000000,2006,2.8,2.2,187,1016.6,3.17093,3.03505,209.368,1016.12,3.02674,2.64636,196.731,1016.29
20140808.000000,2012,3.9,2.5,195,1016.5,3.43589,2.82743,221.097,1016.57,2.66614,2.33799,187.311,1015.6
20140808.000000,2018,3.4,2.6,231,1016.5,2.8929,1.8131,214.108,1017.55,2.34944,1.88797,184.314,1015.57
20140808.000000,2024,3,2.7,237,1016.4,2.29637,2.29637,221.474,1013.33,1.94681,1.67687,179.643,1015.68
20140808.000000,2030,3.5,2.8,266,1016.3,2.33164,1.80165,213.241,1017.17,1.73295,1.51944,164.637,1017.12
20140808.000000,2036,3.7,1.9,244,1016.2,2.6131,2.27693,196.129,1019.17,1.94242,1.94242,144.539,1015.46
20140808.000000,2042,3.1,2.1,211,1016.2,2.51906,2.0189,196.64,1015.77,2.01438,1.82977,141.82,1017.39
20140808.000000,2048,2.7,1.6,216,1016.1,2.29441,1.83688,195.799,1016.54,1.95289,1.95092,138.885,1016.14
20140808.000000,2054,2.6,1.8,167,1016,2.1025,1.93839,205.274,1012.57,1.98327,1.88139,138.502,1015.55
20140808.000000,2100,3,1.7,167,1015.8,2.03133,1.57992,213.571,1017.1,2.00221,1.93761,139.789,1016.92
20140808.000000,2106,3.1,2.2,171,1015.7,1.57854,1.17719,216.416,1019.13,2.07175,2.00501,136.169,1016.05
20140808.000000,2112,6.7,3.1,205,1015.8,2.18497,2.08858,210.534,1015.97,2.40133,2.34077,129.335,1016.47
20140808.000000,2118,5.4,4.2,146,1015.9,2.39316,1.55683,199.038,1018.78,2.4793,2.29383,126.871,1016.53
20140808.000000,2124,4.6,3.5,165,1015.8,1.58396,1.34952,199.267,1014.65,2.33412,2.1168,128.264,1016.9
20140808.000000,2130,5.5,3.1,166,1015.8,2.31621,2.18209,221.087,1016.13,2.13344,2.03038,129.957,1015.79
20140808.000000,2136,5.5,3.5,160,1015.8,2.75933,2.54195,230.822,1016.14,2.18511,2.1551,134.26,1015.07
20140808.000000,2142,5.6,4,139,1015.7,2.98532,2.71868,228.363,1015.32,2.21144,2.07026,130.553,1014
20140808.000000,2148,4.8,3.2,117,1015.6,2.83362,2.53152,215.124,1013.84,2.30001,2.11847,135.566,1016.94
20140808.000000,2154,5.5,3.7,136,1015.6,3.11616,3.06006,221.19,1014.43,2.1766,2.02165,119.367,1014.28
20140808.000000,2200,4.5,3.3,142,1015.5,3.27838,3.16274,226.481,1016.19,2.13464,2.09882,120.765,1015.55
20140808.000000,2206,4.8,3.2,132,1015.4,3.45851,2.84701,206.17,1014.78,2.32972,2.2313,128.442,1015.87
20140808.000000,2212,4.8,3.3,136,1015.4,2.9573,2.29282,212.895,1014.17,2.44341,2.33382,125.957,1015.64
20140808.000000,2218,4.6,3,127,1015.3,2.36825,1.69225,161.296,1015.92,2.47734,2.46348,120.09,1015.62
20140808.000000,2224,4.3,3.4,155,1015.3,2.65377,2.42046,133.875,1014.37,2.95501,2.95501,111.502,1014.99
20140808.000000,2230,5,4,157,1015.2,2.88766,2.41324,128.395,1015.46,3.30209,3.13182,107.782,1015.58
20140808.000000,2236,5.2,3.3,129,1015.2,2.71585,1.86997,128.85,1015.16,3.19634,2.84207,105.309,1014.28
20140808.000000,2242,5.1,2.6,153,1015.1,2.57368,2.55699,116.747,1013.91,4.12839,4.11931,98.9309,1014.25
20140808.000000,2248,4.3,2.7,134,1015.1,3.25395,3.12383,110.595,1015.08,4.1501,3.70004,101.997,1015.07
20140808.000000,2254,4.9,2.7,154,1015.1,3.80849,3.59168,119.7,1012.75,4.19673,4.16774,108.101,1013.96
20140808.000000,2300,4.4,3.1,148,1015,3.86126,3.46072,120.963,1012.44,4.2007,3.72864,104.686,1014.9
20140808.000000,2306,5.8,4.1,168,1014.9,3.57376,1.88594,119.351,1014.12,4.45755,4.42766,102.28,1013.58
20140808.000000,2312,5.4,4.2,108,1014.8,4.90095,4.65159,99.4602,1013.22,5.20861,4.75991,99.1071,1014.64
20140808.000000,2318,5.5,3.9,92,1014.6,4.70171,3.23044,102.357,1015.04,4.78915,4.60965,100.527,1014.27
20140808.000000,2324,5.2,3,124,1014.6,3.81762,3.78818,97.7706,1013.6,5.345,5.26899,104.208,1014.07
20140808.000000,2330,5.3,3.9,110,1014.5,4.9618,4.89166,98.4317,1014.24,5.3593,5.21474,100.038,1013.57
20140808.000000,2336,5.3,4.3,110,1014.4,4.99365,4.53015,101.49,1013.75,5.44096,5.43596,98.913,1013.8
20140808.000000,2342,6.2,4.4,124,1014.4,4.68525,4.67021,101.194,1013.47,5.59263,5.59263,105.057,1014.5
20140808.000000,2348,6.2,4.4,85,1014.3,4.75901,4.4619,104.108,1012.94,5.744,5.68206,103.828,1014.14
20140808.000000,2354,6.9,5.2,119,1014.3,4.85563,4.85214,107.287,1013.82,5.96923,5.9477,103.098,1013.28
20140808.000000,0,6.9,4.6,105,1014.3,4.89007,4.5385,101.293,1014.96,6.05838,5.90467,98.5454,1013.53
20140808.000000,6,7.6,5.5,96,1014.2,4.56833,3.74264,106.225,1013.32,5.90473,5.82408,100.845,1014.13
20140808.000000,12,7.7,5.7,125,1014.1,4.10409,4.05726,105.144,1015.18,5.85811,5.67348,102.641,1014.06
20140808.000000,18,8.7,6.5,115,1014.1,4.59743,4.46399,105.716,1014.15,6.03366,6.03366,104.016,1014.33
20140808.000000,24,9.3,7.6,130,1014.1,4.68712,4.51419,101.818,1013.24,6.05418,5.60681,106.939,1013.4
20140808.000000,30,8.7,6.4,129,1014,4.77206,4.68804,104.86,1013.62,5.93318,5.9116,103.483,1014.46
20140808.000000,36,8.6,4.5,114,1014,4.851,4.77424,100.443,1015.75,5.98339,5.98339,105.359,1014.4
20140808.000000,42,8.3,5.4,130,1014,4.98445,4.93633,96.9382,1014.9,6.17579,5.93573,107.657,1013.59
20140808.000000,48,8.1,5.2,128,1014,4.93369,4.41446,120.767,1013.42,5.93451,5.43851,107.886,1014.63
20140808.000000,54,6.9,5.3,123,1013.9,4.44629,3.69314,111.788,1014.32,5.52145,5.18752,109.193,1014.61
20140808.000000,100,8.1,6.1,130,1013.9,4.07487,3.96806,101.91,1015.33,5.19181,4.9742,109.567,1014.48
20140808.000000,106,7.5,5.8,113,1013.7,4.04777,3.56587,118.048,1012.79,5.12343,5.12129,109.319,1013.51
20140808.000000,112,8.6,7.1,106,1013.8,3.66929,3.33584,113.344,1014.03,5.12571,4.75822,111.453,1013.43
20140808.000000,118,8.9,7.2,111,1013.8,3.63949,3.53264,110.187,1013.78,4.77194,4.75541,113.354,1014.14
20140808.000000,124,8.8,6.1,114,1013.7,3.65787,3.20886,106.055,1013.36,4.75298,4.53799,115.204,1013.45
20140808.000000,130,8.2,6.2,125,1013.7,3.25343,2.90264,126.473,1014.96,4.55094,4.02564,108.719,1014.82
20140808.000000,136,8.5,6.2,119,1013.7,3.01374,2.73452,126.315,1013.75,4.75595,4.61996,116.477,1013.07
20140808.000000,142,8.3,5.8,136,1013.6,3.20732,3.20237,113.852,1013.01,4.61617,4.03645,109.108,1014.26
20140808.000000,148,9.1,6.4,112,1013.6,3.28353,3.03829,98.4361,1013.56,4.0316,3.72531,116.32,1014.18
20140808.000000,154,8.7,6.3,134,1013.5,3.38352,3.26866,107.766,1012.98,3.75047,3.72089,110.983,1013.87
20140808.000000,200,8.8,5.4,115,1013.5,3.3129,2.41594,118.7,1016.35,4.16817,4.02767,116.532,1014.2
